{"stats":{"minecraft:dropped":{"minecraft:spruce_button":1,"minecraft:wooden_pickaxe":3,"minecraft:stone_pickaxe":2},"minecraft:used":{"minecraft:beetroot":1,"minecraft:wooden_axe":1,"minecraft:dark_oak_planks":2,"minecraft:dark_oak_stairs":2,"minecraft:stone_sword":5,"minecraft:stone_pickaxe":14,"minecraft:spruce_button":2,"minecraft:spruce_planks":39,"minecraft:wooden_pickaxe":11,"minecraft:stone_axe":24,"minecraft:sand":1,"minecraft:cobblestone":4,"minecraft:dirt":3,"minecraft:crafting_table":3,"weather2:tornado_siren":2,"minecraft:carrot":1},"minecraft:custom":{"minecraft:time_since_rest":5177,"minecraft:sprint_one_cm":80894,"minecraft:damage_taken":1780,"minecraft:walk_one_cm":41510,"minecraft:mob_kills":4,"minecraft:drop":6,"minecraft:damage_dealt":1126,"minecraft:swim_one_cm":10332,"minecraft:interact_with_crafting_table":10,"minecraft:fly_one_cm":173998,"minecraft:tune_noteblock":8,"minecraft:crouch_one_cm":298,"minecraft:play_time":31756,"minecraft:deaths":5,"minecraft:sneak_time":179,"minecraft:walk_under_water_one_cm":799,"minecraft:jump":598,"minecraft:eat_cake_slice":8,"minecraft:interact_with_blast_furnace":1,"minecraft:leave_game":5,"minecraft:time_since_death":5150,"minecraft:walk_on_water_one_cm":3920,"minecraft:total_world_time":31756,"minecraft:fall_one_cm":21507},"minecraft:crafted":{"minecraft:crafting_table":2,"minecraft:spruce_button":1,"minecraft:stick":20,"minecraft:spruce_planks":88,"minecraft:wooden_pickaxe":2,"minecraft:stone_pickaxe":2,"minecraft:wooden_axe":1,"minecraft:stone_sword":2,"minecraft:stone_axe":2},"minecraft:killed_by":{"minecraft:husk":1,"minecraft:player":1,"minecraft:skeleton":2},"minecraft:picked_up":{"minecraft:crafting_table":2,"minecraft:wooden_pickaxe":1,"minecraft:sand":1,"minecraft:spruce_sapling":1,"minecraft:spruce_log":31,"minecraft:carrot":1,"minecraft:waxed_cut_copper_slab":4,"minecraft:dirt":4,"alexsmobs:animal_dictionary":1,"minecraft:dark_oak_planks":2,"weather2:tornado_siren":1,"minecraft:cyan_carpet":1,"minecraft:beetroot":1,"minecraft:tropical_fish":1,"minecraft:stone_axe":1,"minecraft:wheat_seeds":1,"minecraft:stone_pickaxe":3,"minecraft:spruce_button":3,"minecraft:dark_oak_stairs":2,"minecraft:cobblestone":20},"minecraft:killed":{"minecraft:skeleton":1,"minecraft:husk":2},"minecraft:mined":{"minecraft:dark_oak_planks":2,"minecraft:large_fern":45,"minecraft:tall_seagrass":1,"minecraft:sweet_berry_bush":1,"minecraft:spruce_log":26,"minecraft:crafting_table":2,"minecraft:dark_oak_stairs":2,"minecraft:grass":5,"minecraft:spruce_button":2,"minecraft:grass_block":2,"minecraft:sand":1,"minecraft:dirt":2,"minecraft:spruce_leaves":12,"minecraft:stone":20,"weather2:tornado_siren":1,"minecraft:fern":12,"minecraft:waxed_cut_copper_slab":4}},"DataVersion":3465}