{"stat.chestOpened":1,"stat.walkOneCm":48125,"stat.useItem.minecraft.torch":3,"stat.drop.minecraft.wooden_pickaxe":1,"stat.leaveGame":1,"stat.craftItem.minecraft.crafting_table":1,"stat.furnaceInteraction":9,"stat.mineBlock.minecraft.yellow_flower":1,"stat.mineBlock.minecraft.double_plant":11,"stat.pickup.minecraft.leather_chestplate":1,"stat.pickup.minecraft.log":7,"stat.swimOneCm":14,"stat.jump":389,"stat.fallOneCm":9003,"stat.climbOneCm":771,"stat.entityKilledBy.Skeleton":1,"stat.pickup.minecraft.glowstone_dust":1,"stat.pickup.minecraft.gunpowder":1,"stat.crouchOneCm":1149,"stat.pickup.minecraft.dirt":5,"stat.drop.minecraft.egg":1,"stat.sprintOneCm":71664,"stat.useItem.minecraft.stone_slab2":5,"stat.drop.srparasites.assimilated_flesh":1,"stat.craftItem.minecraft.stick":4,"stat.craftingTableInteraction":9,"stat.pickup.minecraft.sand":5,"stat.craftItem.minecraft.planks":12,"stat.damageTaken":1212,"stat.useItem.spartanweaponry.club_wood":15,"stat.mineBlock.minecraft.torch":5,"stat.craftItem.minecraft.stone_pickaxe":1,"stat.mineBlock.minecraft.red_flower":2,"stat.useItem.minecraft.wooden_pickaxe":11,"stat.pickup.minecraft.cobblestone":11,"stat.mobKills":4,"stat.pickup.srparasites.assimilated_flesh":1,"stat.mineBlock.minecraft.log":7,"stat.pickup.minecraft.planks":7,"stat.flyOneCm":87341,"stat.pickup.minecraft.bed":1,"stat.deaths":4,"stat.drop":7,"stat.pickup.minecraft.brown_mushroom":2,"stat.pickup.minecraft.wheat_seeds":7,"stat.pickup.minecraft.beetroot_seeds":1,"stat.pickup.minecraft.egg":1,"stat.playOneMinute":21290,"stat.drop.minecraft.wheat_seeds":4,"stat.entityKilledBy.Zombie":1,"stat.pickup.minecraft.torch":7,"stat.pickup.minecraft.red_flower":2,"stat.sneakTime":424,"stat.killEntity.Villager":2,"stat.damageDealt":710,"stat.pickup.minecraft.item_frame":1,"stat.killEntity.Zombie":1,"stat.sleepInBed":4,"stat.timeSinceDeath":0,"stat.craftItem.spartanweaponry.club_wood":1,"stat.hopperInspected":1,"stat.pickup.minecraft.yellow_flower":1,"stat.mineBlock.minecraft.dirt":1,"stat.craftItem.minecraft.wooden_pickaxe":1,"stat.mineBlock.minecraft.stone":11,"stat.mineBlock.minecraft.tallgrass":51,"stat.pickup.minecraft.wheat":1}