{"stat.chestOpened":1,"stat.walkOneCm":26232,"stat.useItem.minecraft.torch":1,"stat.craftItem.minecraft.planks":12,"stat.drop.minecraft.wooden_pickaxe":1,"stat.damageTaken":28,"stat.craftItem.minecraft.crafting_table":1,"stat.furnaceInteraction":6,"stat.mineBlock.minecraft.torch":1,"stat.craftItem.minecraft.stone_pickaxe":1,"stat.mineBlock.minecraft.double_plant":2,"stat.useItem.minecraft.wooden_pickaxe":11,"stat.pickup.minecraft.leather_chestplate":1,"stat.pickup.minecraft.cobblestone":11,"stat.mineBlock.minecraft.log":6,"stat.pickup.minecraft.log":6,"stat.flyOneCm":23362,"stat.pickup.minecraft.bed":1,"stat.drop":1,"stat.jump":118,"stat.swimOneCm":14,"stat.pickup.minecraft.beetroot_seeds":1,"stat.playOneMinute":9807,"stat.fallOneCm":2891,"stat.climbOneCm":771,"stat.pickup.minecraft.torch":3,"stat.sneakTime":272,"stat.crouchOneCm":1014,"stat.pickup.minecraft.item_frame":1,"stat.timeSinceDeath":9807,"stat.pickup.minecraft.dirt":1,"stat.sprintOneCm":32117,"stat.mineBlock.minecraft.dirt":1,"stat.useItem.minecraft.stone_slab2":2,"stat.craftItem.minecraft.wooden_pickaxe":1,"stat.mineBlock.minecraft.stone":11,"stat.mineBlock.minecraft.tallgrass":18,"stat.craftItem.minecraft.stick":4,"stat.craftingTableInteraction":7}