{"stat.chestOpened":1,"stat.walkOneCm":32451,"stat.leaveGame":1,"stat.mineBlock.minecraft.cobblestone":8,"stat.pickup.minecraft.wooden_pressure_plate":1,"stat.craftItem.minecraft.crafting_table":1,"stat.furnaceInteraction":6,"stat.pickup.minecraft.carpet":1,"stat.pickup.minecraft.leather_chestplate":1,"stat.talkedToVillager":1,"stat.craftItem.minecraft.coal":2,"stat.pickup.minecraft.log":9,"stat.jump":120,"stat.pickup.minecraft.fence":2,"stat.fallOneCm":2797,"stat.crouchOneCm":1169,"stat.pickup.minecraft.chicken":3,"stat.pickup.minecraft.cauldron":1,"stat.pickup.minecraft.dirt":1,"stat.sprintOneCm":16288,"stat.pickup.minecraft.iron_chestplate":1,"stat.useItem.minecraft.stone_slab2":4,"stat.mineBlock.minecraft.stone_slab":2,"stat.pickup.minecraft.iron_boots":1,"stat.craftItem.minecraft.stick":12,"stat.craftItem.minecraft.wooden_axe":1,"stat.craftingTableInteraction":7,"stat.pickup.minecraft.sand":9,"stat.craftItem.minecraft.furnace":1,"stat.mineBlock.minecraft.wooden_pressure_plate":1,"stat.craftItem.minecraft.planks":16,"stat.killEntity.Chicken":3,"stat.mineBlock.minecraft.fence":2,"stat.craftItem.futuremc.campfire":1,"stat.damageTaken":30,"stat.pickup.minecraft.leather":1,"stat.pickup.minecraft.feather":4,"stat.useItem.minecraft.wooden_pickaxe":19,"stat.pickup.minecraft.cobblestone":15,"stat.mobKills":3,"stat.mineBlock.minecraft.log":9,"stat.mineBlock.minecraft.carpet":1,"stat.pickup.minecraft.leather_boots":1,"stat.pickup.minecraft.planks":1,"stat.mineBlock.minecraft.oak_stairs":2,"stat.flyOneCm":20225,"stat.pickup.minecraft.bed":1,"stat.mineBlock.minecraft.planks":1,"stat.pickup.minecraft.brown_mushroom":1,"stat.mineBlock.minecraft.leaves":7,"stat.mineBlock.minecraft.sand":9,"stat.playOneMinute":10977,"stat.pickup.minecraft.oak_stairs":2,"stat.sneakTime":374,"stat.damageDealt":130,"stat.pickup.minecraft.item_frame":8,"stat.timeSinceDeath":10977,"stat.hopperInspected":1,"stat.useItem.minecraft.wooden_axe":15,"stat.pickup.minecraft.stone_slab":4,"stat.craftItem.minecraft.wooden_pickaxe":1,"stat.mineBlock.minecraft.stone":8,"stat.mineBlock.minecraft.tallgrass":2}