{"stat.chestOpened":1,"stat.leaveGame":2,"stat.mineBlock.minecraft.cobblestone":8,"stat.useItem.minecraft.glass_bottle":12,"stat.pickup.minecraft.wooden_pressure_plate":1,"stat.pickup.minecraft.stone_pickaxe":2,"stat.pickup.minecraft.leather_chestplate":3,"stat.mineBlock.srparasites.gore":5,"stat.useItem.minecraft.potion":12,"stat.craftItem.minecraft.coal":2,"stat.jump":360,"stat.swimOneCm":1396,"stat.pickup.minecraft.fence":4,"stat.pickup.minecraft.coal":1,"stat.fallOneCm":10267,"stat.useItem.minecraft.planks":2,"stat.crouchOneCm":1606,"stat.pickup.minecraft.glass":1,"stat.pickup.minecraft.dirt":11,"stat.useItem.minecraft.dirt":2,"stat.useItem.minecraft.stone_slab2":5,"stat.pickup.minecraft.iron_boots":2,"stat.useItem.minecraft.cooked_chicken":3,"stat.craftingTableInteraction":8,"stat.pickup.minecraft.rotten_flesh":6,"stat.pickup.minecraft.sand":14,"stat.craftItem.minecraft.furnace":1,"stat.mineBlock.minecraft.wooden_pressure_plate":1,"stat.pickup.minecraft.stone_shovel":1,"stat.craftItem.futuremc.campfire":1,"stat.pickup.minecraft.wooden_pickaxe":1,"stat.damageTaken":1179,"stat.pickup.minecraft.leather":2,"stat.pickup.minecraft.feather":8,"stat.useItem.minecraft.wooden_pickaxe":19,"stat.pickup.minecraft.cobblestone":29,"stat.pickup.srparasites.assimilated_flesh":1,"stat.mineBlock.minecraft.carpet":1,"stat.pickup.minecraft.leather_boots":3,"stat.pickup.minecraft.planks":14,"stat.flyOneCm":72984,"stat.pickup.minecraft.bed":2,"stat.craftItem.minecraft.glass_bottle":3,"stat.pickup.minecraft.glass_bottle":3,"stat.pickup.minecraft.brown_mushroom":4,"stat.pickup.minecraft.wheat_seeds":8,"stat.mineBlock.minecraft.sand":9,"stat.pickup.minecraft.potato":5,"stat.pickup.minecraft.oak_stairs":4,"stat.pickup.quark.tallow":5,"stat.damageDealt":939,"stat.craftItem.minecraft.glass":4,"stat.timeSinceDeath":5259,"stat.hopperInspected":1,"stat.craftItem.minecraft.wooden_pickaxe":1,"stat.killEntity.Pig":2,"stat.walkOneCm":63029,"stat.pickup.minecraft.wooden_axe":2,"stat.pickup.minecraft.crafting_table":2,"stat.useItem.minecraft.cobblestone":1,"stat.craftItem.minecraft.crafting_table":1,"stat.furnaceInteraction":13,"stat.pickup.minecraft.iron_shovel":1,"stat.pickup.minecraft.carpet":1,"stat.talkedToVillager":2,"stat.pickup.minecraft.log":11,"stat.pickup.minecraft.string":11,"stat.entityKilledBy.Skeleton":1,"stat.craftItem.minecraft.stone_slab2":0,"stat.pickup.minecraft.chicken":3,"stat.pickup.minecraft.cauldron":2,"stat.sprintOneCm":42618,"stat.pickup.minecraft.wooden_door":14,"stat.pickup.minecraft.iron_chestplate":2,"stat.mineBlock.minecraft.stone_slab":2,"stat.craftItem.minecraft.stick":12,"stat.craftItem.minecraft.wooden_axe":1,"stat.craftItem.minecraft.planks":16,"stat.pickup.minecraft.potion":2,"stat.killEntity.Chicken":3,"stat.mineBlock.minecraft.fence":2,"stat.mobKills":8,"stat.mineBlock.minecraft.log":9,"stat.craftItem.minecraft.cooked_chicken":3,"stat.mineBlock.minecraft.oak_stairs":4,"stat.mineBlock.minecraft.planks":4,"stat.deaths":1,"stat.mineBlock.minecraft.leaves":7,"stat.pickup.minecraft.beetroot_seeds":2,"stat.pickup.minecraft.egg":2,"stat.playOneMinute":22293,"stat.pickup.minecraft.red_flower":1,"stat.sneakTime":685,"stat.pickup.minecraft.wool":3,"stat.pickup.minecraft.item_frame":18,"stat.killEntity.Zombie":3,"stat.useItem.minecraft.wooden_axe":52,"stat.pickup.minecraft.stone_slab":4,"stat.mineBlock.minecraft.stone":8,"stat.mineBlock.minecraft.tallgrass":4,"stat.diveOneCm":3513,"stat.pickup.minecraft.wheat":15}