{"stats":{"minecraft:dropped":{"minecraft:rotten_flesh":2,"minecraft:tropical_fish":1,"minecraft:oxeye_daisy":1,"minecraft:flower_pot":1,"minecraft:red_nether_bricks":3,"minecraft:wooden_pickaxe":1,"minecraft:calcite":10,"minecraft:cyan_carpet":2},"minecraft:used":{"minecraft:stone_sword":20,"minecraft:stone_pickaxe":43,"minecraft:spruce_planks":17,"minecraft:wooden_pickaxe":18,"minecraft:player_head":1,"minecraft:golden_apple":1,"minecraft:dirt":7,"minecraft:sand":1,"minecraft:dark_prismarine_slab":2,"minecraft:crafting_table":4,"minecraft:cake":1,"minecraft:spruce_log":3,"minecraft:wooden_axe":5,"minecraft:apple":2,"minecraft:mangrove_stairs":1,"minecraft:waxed_cut_copper":1,"minecraft:melon_slice":4,"minecraft:cyan_carpet":1,"minecraft:stone_axe":89,"minecraft:waxed_cut_copper_slab":3,"minecraft:cobblestone":7,"minecraft:sweet_berries":2,"minecraft:pumpkin_pie":1},"minecraft:custom":{"minecraft:mob_kills":12,"minecraft:interact_with_crafting_table":3,"minecraft:open_barrel":18,"minecraft:eat_cake_slice":9,"minecraft:leave_game":1,"minecraft:time_since_death":17951,"minecraft:climb_one_cm":838,"minecraft:damage_resisted":48,"minecraft:time_since_rest":17981,"minecraft:sprint_one_cm":51205,"minecraft:damage_taken":1004,"minecraft:walk_one_cm":80119,"minecraft:drop":8,"minecraft:damage_dealt":3392,"minecraft:swim_one_cm":4625,"minecraft:fly_one_cm":50898,"minecraft:player_kills":1,"minecraft:open_chest":1,"minecraft:crouch_one_cm":1874,"minecraft:play_time":26963,"minecraft:deaths":2,"minecraft:sneak_time":1039,"minecraft:walk_under_water_one_cm":616,"minecraft:interact_with_brewingstand":1,"minecraft:jump":274,"minecraft:interact_with_blast_furnace":1,"minecraft:walk_on_water_one_cm":6296,"minecraft:total_world_time":26963,"minecraft:fall_one_cm":8058},"minecraft:crafted":{"minecraft:raw_iron":9,"minecraft:crafting_table":1,"minecraft:spruce_planks":36,"minecraft:wooden_pickaxe":1,"minecraft:stone_axe":1,"minecraft:shield":1,"minecraft:stick":8,"minecraft:stone_pickaxe":1,"minecraft:dark_oak_planks":12},"minecraft:killed_by":{"minecraft:husk":1,"minecraft:skeleton":1},"minecraft:picked_up":{"minecraft:wooden_axe":1,"minecraft:crafting_table":6,"minecraft:leather_chestplate":1,"minecraft:chainmail_boots":1,"minecraft:flower_pot":2,"minecraft:leather_leggings":1,"minecraft:wooden_pickaxe":3,"minecraft:brewing_stand":1,"minecraft:shield":1,"minecraft:mangrove_slab":7,"minecraft:dirt":13,"minecraft:waxed_cut_copper_slab":3,"minecraft:red_nether_bricks":6,"minecraft:armor_stand":1,"minecraft:cooked_mutton":2,"minecraft:bone":7,"minecraft:cyan_carpet":6,"minecraft:cartography_table":2,"minecraft:spruce_planks":20,"minecraft:iron_ingot":1,"minecraft:stone_pickaxe":2,"minecraft:calcite":10,"minecraft:player_head":8,"minecraft:diamond_helmet":1,"minecraft:cyan_candle":17,"minecraft:melon_slice":24,"minecraft:chest":1,"minecraft:book":36,"minecraft:stick":7,"minecraft:sweet_berries":17,"minecraft:raw_iron_block":1,"minecraft:sand":8,"minecraft:blast_furnace":10,"minecraft:spruce_log":12,"minecraft:barrel":2,"alexsmobs:animal_dictionary":3,"minecraft:dark_oak_planks":5,"minecraft:waxed_cut_copper_stairs":1,"minecraft:dark_prismarine_slab":2,"minecraft:stone_sword":1,"minecraft:arrow":10,"minecraft:mangrove_stairs":1,"minecraft:rotten_flesh":4,"minecraft:tropical_fish":1,"minecraft:stone_axe":2,"minecraft:hay_block":7,"minecraft:stripped_dark_oak_wood":3,"minecraft:golden_apple":1,"minecraft:waxed_cut_copper":1,"minecraft:coal":4,"minecraft:oxeye_daisy":1,"minecraft:cobblestone":42},"minecraft:killed":{"minecraft:husk":2,"minecraft:skeleton":6,"minecraft:zombie":4},"minecraft:mined":{"minecraft:waxed_cut_copper_stairs":1,"minecraft:waxed_cut_copper_slab":3,"minecraft:mangrove_stairs":1,"minecraft:red_nether_bricks":3,"minecraft:brewing_stand":1,"minecraft:crafting_table":3,"minecraft:blast_furnace":6,"minecraft:calcite":10,"minecraft:melon":5,"minecraft:chest":1,"minecraft:potted_oxeye_daisy":1,"minecraft:spruce_leaves":3,"minecraft:cartography_table":1,"minecraft:diorite":1,"minecraft:spawner":5,"minecraft:large_fern":6,"minecraft:hay_block":7,"minecraft:tall_seagrass":2,"minecraft:raw_iron_block":1,"minecraft:barrel":2,"minecraft:sweet_berry_bush":3,"minecraft:spruce_log":9,"minecraft:dark_prismarine_slab":1,"minecraft:stripped_dark_oak_wood":3,"minecraft:grass":1,"minecraft:mangrove_slab":6,"minecraft:bookshelf":12,"minecraft:coal_ore":2,"minecraft:sand":3,"minecraft:cyan_carpet":3,"minecraft:dirt":7,"minecraft:stone":22,"minecraft:player_head":6,"minecraft:cyan_candle":4,"minecraft:dark_oak_planks":5,"minecraft:fern":1,"minecraft:waxed_cut_copper":1}},"DataVersion":3465}