{"stat.chestOpened":3,"stat.walkOneCm":54388,"stat.drop.minecraft.item_frame":7,"stat.horseOneCm":629,"stat.pickup.minecraft.wooden_axe":1,"stat.leaveGame":2,"stat.pickup.minecraft.iron_shovel":1,"stat.pickup.minecraft.log":2,"stat.jump":160,"stat.fallOneCm":1984,"stat.crouchOneCm":1024,"stat.drop.minecraft.potato":1,"stat.sprintOneCm":21758,"stat.useItem.minecraft.stone_slab2":1,"stat.pickup.minecraft.rotten_flesh":2,"stat.damageTaken":60,"stat.mineBlock.minecraft.red_flower":1,"stat.pickup.minecraft.leather_boots":1,"stat.mineBlock.minecraft.log":2,"stat.flyOneCm":15340,"stat.pickup.minecraft.bed":1,"stat.drop":4,"stat.pickup.minecraft.egg":2,"stat.playOneMinute":9950,"stat.pickup.minecraft.red_flower":1,"stat.sneakTime":400,"stat.damageDealt":35,"stat.pickup.minecraft.item_frame":9,"stat.timeSinceDeath":9950,"stat.useItem.minecraft.wooden_axe":2}