{"stat.chestOpened":3,"stat.walkOneCm":78726,"stat.pickup.spartanweaponry.club_wood":1,"stat.pickup.minecraft.bone":3,"stat.drop.minecraft.item_frame":7,"stat.horseOneCm":629,"stat.pickup.minecraft.stick":1,"stat.pickup.minecraft.wooden_axe":1,"stat.leaveGame":3,"stat.pickup.minecraft.arrow":3,"stat.furnaceInteraction":2,"stat.pickup.minecraft.iron_shovel":1,"stat.pickup.minecraft.leather_chestplate":1,"stat.mineBlock.minecraft.deadbush":2,"stat.drop.minecraft.red_flower":1,"stat.pickup.minecraft.log":3,"stat.pickup.minecraft.string":2,"stat.jump":349,"stat.swimOneCm":873,"stat.pickup.minecraft.fence":2,"stat.pickup.minecraft.coal":1,"stat.fallOneCm":4587,"stat.useItem.minecraft.planks":1,"stat.entityKilledBy.Skeleton":2,"stat.crouchOneCm":1693,"stat.pickup.minecraft.glass":1,"stat.drop.minecraft.potato":1,"stat.sprintOneCm":67005,"stat.pickup.minecraft.wooden_door":12,"stat.useItem.minecraft.stone_slab2":2,"stat.pickup.minecraft.iron_chestplate":1,"stat.pickup.minecraft.bow":1,"stat.pickup.minecraft.rotten_flesh":6,"stat.killEntity.Skeleton":2,"stat.mineBlock.minecraft.log2":7,"stat.damageTaken":2161,"stat.killEntity.Spider":1,"stat.mineBlock.minecraft.red_flower":1,"stat.mobKills":6,"stat.pickup.minecraft.cobblestone":8,"stat.pickup.minecraft.leather_boots":1,"stat.mineBlock.minecraft.log":2,"stat.pickup.minecraft.log2":6,"stat.entityKilledBy.Husk":1,"stat.pickup.minecraft.reeds":4,"stat.flyOneCm":45388,"stat.pickup.minecraft.bed":1,"stat.deaths":3,"stat.pickup.minecraft.glass_bottle":3,"stat.drop":5,"stat.pickup.minecraft.egg":2,"stat.playOneMinute":19232,"stat.pickup.minecraft.red_flower":2,"stat.sneakTime":557,"stat.killEntity.Villager":1,"stat.damageDealt":1066,"stat.pickup.minecraft.item_frame":9,"stat.killEntity.Zombie":1,"stat.sleepInBed":1,"stat.timeSinceDeath":2012,"stat.useItem.minecraft.wooden_axe":8,"stat.pickup.minecraft.stone_slab":4,"stat.mineBlock.minecraft.tallgrass":10,"stat.diveOneCm":3232}